insert into tourist_attractions
values ('Tivoli', 'Forlystelsespark i København', 'København', 170),
       ('Bakken', 'Forlystelsespark i ydre København', 'Klampenborg', 0),
       ('Djurs sommerland',
        'Danmarks bedste rutschebaner, det kæmpestore Vandland og over 60 sjove forlystelser for både små og store legebørn.',
        'Nimtofte', 350);

insert into tag (name)
values ('GRATIS_INDGANG'),
       ('ADGANG_FOR_GANGBESVAEREDE'),
       ('VANDLAND'),
       ('KONCERTHAL'),
       ('HUNDETILLADELSE');

insert into tags value('Tivoli', 'ADGANG_FOR_GANGBESVAEREDE'),('Tivoli', 'KONCERTHAL'),
    ('Bakken','GRATIS_INDGANG'),('Bakken','ADGANG_FOR_GANGBESVAEREDE'),('Bakken','KONCERTHAL'),('Bakken','HUNDETILLADELSE'),
    ('Djurs sommerland','VANDLAND'),('Djurs sommerland','HUNDETILLADELSE');

insert into city value ('ALLINGE'),
('ALLINGÅBRO'),
('ALMIND'),
('ANHOLT'),
('ANS_BY'),
('ANSAGER'),
('ARDEN'),
('ASKEBY'),
('ASNÆS'),
('ASPERUP'),
('ASSENS'),
('ASAA'),
('AUGUSTENBORG'),
('AULUM'),
('AUNING'),
('BAGENKOP'),
('BAGSVÆRD'),
('BALLE'),
('BALLERUP'),
('BANDHOLM'),
('BARRIT'),
('BEDER'),
('BEDSTED_THY'),
('BEVTOFT'),
('BILLUM'),
('BILLUND'),
('BINDSLEV'),
('BIRKERØD'),
('BJERRINGBRO'),
('BJERT'),
('BJÆVERSKOV'),
('BLOKHUS'),
('BLOMMENSLYST'),
('BLÅVAND'),
('BOESLUNDE'),
('BOGENSE'),
('BOGØ_BY'),
('BOLDERSLEV'),
('BORDING'),
('BORRE'),
('BORUP'),
('BRABRAND'),
('BRAMMING'),
('BRANDE'),
('BRANDERUP'),
('BREDEBRO'),
('BREDSTEN'),
('BRENDERUP'),
('BROAGER'),
('BROBY'),
('BROVST'),
('BRYRUP'),
('BRÆDSTRUP'),
('BRØNDBY'),
('BRØNDBY_STRAND'),
('BRØNDERSLEV'),
('BRØNSHØJ'),
('BRØRUP'),
('BYLDERUP-BOV'),
('BÆKKE'),
('BÆKMARKSBRO'),
('BÆLUM'),
('BØRKOP'),
('BØVLINGBJERG'),
('CHARLOTTENLUND'),
('CHRISTIANSFELD'),
('DALBY'),
('DALMOSE'),
('DANNEMARE'),
('DAUGÅRD'),
('DIANALUND'),
('DRAGØR'),
('DRONNINGLUND'),
('DRONNINGMØLLE'),
('DYBVAD'),
('EBBERUP'),
('EBELTOFT'),
('EGERNSUND'),
('EGTVED'),
('EGÅ'),
('EJBY'),
('EJSTRUPHOLM'),
('ENGESVANG'),
('ERRINDLEV'),
('ERSLEV'),
('ESBJERG'),
('ESKEBJERG'),
('ESKILSTRUP'),
('ESPERGÆRDE'),
('FAKSE'),
('FAKSE_LADEPLADS'),
('FANØ'),
('FARSØ'),
('FARUM'),
('FEJØ'),
('FERRITSLEV_FYN'),
('FJENNESLEV'),
('FJERRITSLEV'),
('FLEMMING'),
('FREDENSBORG'),
('FREDERICIA'),
('FREDERIKSBERG'),
('FREDERIKSHAVN'),
('FREDERIKSSUND'),
('FREDERIKSVÆRK'),
('FRØRUP'),
('FRØSTRUP'),
('FUGLEBJERG'),
('FUR'),
('FØLLENSLEV'),
('FØVLING'),
('FAABORG'),
('FÅREVEJLE'),
('FÅRUP'),
('FÅRVANG'),
('GADBJERG'),
('GADSTRUP'),
('GALTEN'),
('GANDRUP'),
('GEDSER'),
('GEDSTED'),
('GEDVED'),
('GELSTED'),
('GENTOFTE'),
('GESTEN'),
('GILLELEJE'),
('GISLEV'),
('GISLINGE'),
('GISTRUP'),
('GIVE'),
('GJERLEV'),
('GJERN'),
('GLAMSBJERG'),
('GLEJBJERG'),
('GLESBORG'),
('GLOSTRUP'),
('GLUMSØ'),
('GRAM'),
('GREDSTEDBRO'),
('GRENAA'),
('GREVE'),
('GREVE_STRAND'),
('GREVINGE'),
('GRINDSTED'),
('GRÆSTED'),
('GRÅSTEN'),
('GUDBJERG'),
('GUDHJEM'),
('GUDME'),
('GULDBORG'),
('GØRDING'),
('GØRLEV'),
('GØRLØSE'),
('HADERSLEV'),
('HADERUP'),
('HADSTEN'),
('HADSUND'),
('HAGERSTEN'),
('HALS'),
('HAMMEL'),
('HAMPEN'),
('HANSTHOLM'),
('HARBOØRE'),
('HARLEV'),
('HARNDRUP'),
('HARPELUNDE'),
('HASLE'),
('HASLEV'),
('HASSELAGER'),
('HAVDRUP'),
('HAVNDAL'),
('HEDEHUSENE'),
('HEDENSTED'),
('HEJLS'),
('HEJNSVIG'),
('HELLEBÆK'),
('HELLERUP'),
('HELSINGE'),
('HELSINGØR'),
('HEMMET'),
('HENNE'),
('HERFØLGE'),
('HERLEV'),
('HERLUFMAGLE'),
('HERNING'),
('HESSELAGER'),
('HILLERØD'),
('HINNERUP'),
('HIRTSHALS'),
('HJALLERUP'),
('HJERM'),
('HJORTSHØJ'),
('HJØRRING'),
('HOBRO'),
('HOLBÆK'),
('HOLEBY'),
('HOLME-OLSTRUP'),
('HOLSTEBRO'),
('HOLSTED'),
('HOLTE'),
('HORBELEV'),
('HORNBÆK'),
('HORNSLET'),
('HORNSYLD'),
('HORSENS'),
('HORSLUNDE'),
('HOVBORG'),
('HOVEDGÅRD'),
('HUMBLE'),
('HUMLEBÆK'),
('HUNDESTED'),
('HUNDSLUND'),
('HURUP_THY'),
('HVALSØ'),
('HVIDE_SANDE'),
('HVIDOVRE'),
('HØJBJERG'),
('HØJBY'),
('HØJER'),
('HØJSLEV'),
('HØNG'),
('HØRNING'),
('HØRSHOLM'),
('HØRVE'),
('HAARBY'),
('HAARLEV'),
('IDESTRUP'),
('IKAST'),
('ISHØJ'),
('JANDERUP'),
('JELLING'),
('JERSLEV(Sjælland)'),
('JERSLEV'),
('JERUP'),
('JORDRUP'),
('JUELSMINDE'),
('JYDERUP'),
('JYLLINGE'),
('JYSTRUP'),
('JÆGERSPRIS'),
('KALUNDBORG'),
('KALVEHAVE'),
('KARBY'),
('KARISE'),
('KARLSLUNDE'),
('KARREBÆKSMINDE'),
('KARUP'),
('KASTRUP'),
('KERTEMINDE'),
('KETTINGE'),
('KIBÆK'),
('KIRKE_ESKILSTRUP'),
('KIRKE_HYLLINGE'),
('KIRKE_SÅBY'),
('KJELLERUP'),
('KLAMPENBORG'),
('KLARUP'),
('KLEMENSKER'),
('KLIPPINGE'),
('KLOVBORG'),
('KNEBEL'),
('KOKKEDAL'),
('KOLDING'),
('KOLIND'),
('KONGENS_LYNGBY'),
('KONGERSLEV'),
('KORSØR'),
('KRUSÅ'),
('KVISTGÅRD'),
('KVÆRNDRUP'),
('KØBENHAVN'),
('KØGE'),
('LANGEBÆK'),
('LANGESKOV'),
('LANGÅ'),
('LEJRE'),
('LEM'),
('LEMMING'),
('LEMVIG'),
('LILLE_SKENSVED'),
('LINTRUP'),
('LISELEJE'),
('LUNDBY'),
('LUNDERSKOV'),
('LYNGE'),
('LYSTRUP'),
('LÆSØ'),
('LØGSTRUP'),
('LØGSTØR'),
('LØGUMKLOSTER'),
('LØKKEN'),
('LØSNING'),
('LÅSBY'),
('MALLING'),
('MARIAGER'),
('MARIBO'),
('MARSLEV'),
('MARSTAL'),
('MARTOFTE'),
('MELBY'),
('MERN'),
('MESINGE'),
('MIDDELFART'),
('MILLINGE'),
('MORUD'),
('MUNKE_BJERGBY'),
('MUNKEBO'),
('MØLDRUP'),
('MØRKE'),
('MØRKØV'),
('MÅLØV'),
('MÅRSLET'),
('NAKSKOV'),
('NEXØ'),
('NIBE'),
('NIMTOFTE'),
('NIVÅ'),
('NORDBORG'),
('NYBORG'),
('NYKØBING_F'),
('NYKØBING_M'),
('NYKØBING_SJ'),
('NYRUP'),
('NYSTED'),
('NÆRUM'),
('NÆSTVED'),
('NØRAGER'),
('NØRRE_ALSLEV'),
('NØRRE_ASMINDRUP'),
('NØRRE_NEBEL'),
('NØRRE_SNEDE'),
('NØRRE_AABY'),
('NØRREBALLE'),
('NØRRESUNDBY'),
('ODDER'),
('ODENSE'),
('OKSBØL'),
('OTTERUP'),
('OURE'),
('OUTRUP'),
('PADBORG'),
('PANDRUP'),
('PRÆSTØ'),
('RANDBØL'),
('RANDERS'),
('RANUM'),
('RASK_MØLLE'),
('REDSTED'),
('REGSTRUP'),
('RIBE'),
('RINGE'),
('RINGKØBING'),
('RINGSTED'),
('RISSKOV'),
('ROSKILDE'),
('ROSLEV'),
('RUDE'),
('RUDKØBING'),
('RUDS_VEDBY'),
('RUNGSTED_KYST'),
('RY'),
('RYNKEBY'),
('RYOMGÅRD'),
('RYSLINGE'),
('RØDBY'),
('RØDDING'),
('RØDEKRO'),
('RØDKÆRSBRO'),
('RØDOVRE'),
('RØDVIG_STEVNS'),
('RØMØ'),
('RØNDE'),
('RØNNE'),
('RØNNEDE'),
('RØRVIG'),
('SABRO'),
('SAKSKØBING'),
('SALTUM'),
('SAMSØ'),
('SANDVED'),
('SEJERØ'),
('SILKEBORG'),
('SINDAL'),
('SJÆLLANDS_ODDE'),
('SJØLUND'),
('SKAGEN'),
('SKALS'),
('SKAMBY'),
('SKANDERBORG'),
('SKIBBY'),
('SKIVE'),
('SKJERN'),
('SKODSBORG'),
('SKOVLUNDE'),
('SKÆLSKØR'),
('SKÆRBÆK'),
('SKÆVINGE'),
('SKØDSTRUP'),
('SKØRPING'),
('SKÅRUP'),
('SLAGELSE'),
('SLANGERUP'),
('SMØRUM'),
('SNEDSTED'),
('SNEKKERSTEN'),
('SNERTINGE'),
('SOLBJERG'),
('SOLRØD_STRAND'),
('SOMMERSTED'),
('SORRING'),
('SORØ'),
('SPENSTRUP'),
('SPJALD'),
('SPORUP'),
('SPØTTRUP'),
('STAKROGE'),
('STEGE'),
('STENDERUP'),
('STENLILLE'),
('STENLØSE'),
('STENSTRUP'),
('STENSVED'),
('STOHOLM'),
('STOKKEMARKE'),
('STORE_FUGLEDE'),
('STORE_HEDDINGE'),
('STORE_MERLØSE'),
('STORVORDE'),
('STOUBY'),
('STRANDBY'),
('STRUER'),
('STRØBY'),
('STUBBEKØBING'),
('STØVRING'),
('SULDRUP'),
('SULSTED'),
('SUNDS'),
('SVANEKE'),
('SVEBØLLE'),
('SVENDBORG'),
('SVENSTRUP'),
('SVINNINGE'),
('SYDALS'),
('SÆBY'),
('SØBORG'),
('SØBY_ÆRØ'),
('SØLLESTED'),
('SØNDER_FELDING'),
('SØNDER_OMME'),
('SØNDER_STENDERUP'),
('SØNDERBORG'),
('SØNDERSØ'),
('SØRVAD'),
('TAPPERNØJE'),
('TARM'),
('TERNDRUP'),
('THEM'),
('THISTED'),
('THORSØ'),
('THYBORØN'),
('THYHOLM'),
('TIKØB'),
('TILST'),
('TIM'),
('TINGLEV'),
('TISTRUP'),
('TISVILDELEJE'),
('TJELE'),
('TJÆREBORG'),
('TOFTLUND'),
('TOMMERUP'),
('TOREBY'),
('TORRIG'),
('TRANBJERG_J'),
('TRANEKÆR'),
('TRIGE'),
('TRUSTRUP'),
('TUREBY'),
('TYLSTRUP'),
('TØLLØSE'),
('TØNDER'),
('TØRRING'),
('TÅRS'),
('TAASTRUP'),
('UGERLØSE'),
('ULDUM'),
('ULFBORG'),
('ULLERSLEV'),
('ULSTRUP'),
('VADUM'),
('VALBY'),
('VALLENSBÆK'),
('VALLENSBÆK_STRAND'),
('VAMDRUP'),
('VANDEL'),
('VANLØSE'),
('VARDE'),
('VEDBÆK'),
('VEFLINGE'),
('VEJBY'),
('VEJEN'),
('VEJERS_STRAND'),
('VEJLE'),
('VEJLE_ØST'),
('VEJSTRUP'),
('VEKSØ_SJÆLLAND'),
('VEMB'),
('VEMMELEV'),
('VESLØS'),
('VESTBJERG'),
('VESTER_SKERNINGE'),
('VESTERBORG'),
('VESTERVIG'),
('VIBORG'),
('VIBY_J'),
('VIBY_SJÆLLAND'),
('VIDEBÆK'),
('VIG'),
('VILDBJERG'),
('VILS'),
('VINDERUP'),
('VIPPERØD'),
('VIRUM'),
('VISSENBJERG'),
('VIUF'),
('VODSKOV'),
('VOJENS'),
('VONGE'),
('VORBASSE'),
('VORDINGBORG'),
('VRÅ'),
('VÆGGERLØSE'),
('VÆRLØSE'),
('ÆRØSKØBING'),
('ØLGOD'),
('ØLSTED'),
('ØLSTYKKE'),
('ØRBÆK'),
('ØRNHØJ'),
('ØRSTED'),
('ØRUM_DJURS'),
('ØSTBIRK'),
('ØSTER_ASSELS'),
('ØSTER_ULSLEV'),
('ØSTER_VRÅ'),
('ØSTERMARIE'),
('AABENRAA'),
('AABYBRO'),
('ÅBYHØJ'),
('AAKIRKEBY'),
('AALBORG'),
('ÅLBÆK'),
('AALESTRUP'),
('ÅLSGÅRDE'),
('ÅRHUS'),
('ÅRRE'),
('AARS'),
('ÅRSLEV'),
('AARUP');